{
    "train": {
        "Accuracy": 0.9965957446808511,
        "Precision (Macro)": 0.996124092090985,
        "Precision (Weighted)": 0.9966077806921841,
        "Precision (Micro)": 0.9965957446808511,
        "Recall (Macro)": 0.9960920445676182,
        "Recall (Weighted)": 0.9965957446808511,
        "Recall (Micro)": 0.9965957446808511,
        "F1-Score (Macro)": 0.9961043447951101,
        "F1-Score (Weighted)": 0.9965985311657499,
        "F1-Score (Micro)": 0.9965957446808511,
        "F2-Score (Macro)": 0.9960960692393215,
        "F2-Score (Weighted)": 0.9965960819764027,
        "F0.5-Score (Macro)": 0.9961153012708012,
        "Matthews Corr. Coeff. (MCC)": 0.9961599568827387,
        "Cohen's Kappa": 0.9961592332849015,
        "Log Loss": 0.11001110656192227,
        "AUC-ROC (Macro OvR)": 0.9999210783395108,
        "AUC-ROC (Weighted OvR)": 0.9999382722440133,
        "Specificity (Macro)": 0.9995801963114879,
        "Sensitivity (Macro)": 0.9960920445676182,
        "Top-1 Accuracy": 0.9965957446808511,
        "Top-3 Accuracy": 0.9994326241134752,
        "Top-5 Accuracy": 0.9997163120567376,
        "Inference Time (ms/img)": 74.02806326241145,
        "Total Samples": 3525
    },
    "test": {
        "Accuracy": 0.9813664596273292,
        "Precision (Macro)": 0.9824561403508771,
        "Precision (Weighted)": 0.9843085975809087,
        "Precision (Micro)": 0.9813664596273292,
        "Recall (Macro)": 0.9809640522875817,
        "Recall (Weighted)": 0.9813664596273292,
        "Recall (Micro)": 0.9813664596273292,
        "F1-Score (Macro)": 0.9806759548695033,
        "F1-Score (Weighted)": 0.9818911203002567,
        "F1-Score (Micro)": 0.9813664596273292,
        "F2-Score (Macro)": 0.9805777135856949,
        "F2-Score (Weighted)": 0.9813289164416451,
        "F0.5-Score (Macro)": 0.9815161085528277,
        "Matthews Corr. Coeff. (MCC)": 0.9791803073357433,
        "Cohen's Kappa": 0.9789239429244666,
        "Log Loss": 0.14554011687411458,
        "AUC-ROC (Macro OvR)": 0.9998588260336062,
        "AUC-ROC (Weighted OvR)": 0.9998711953547035,
        "Specificity (Macro)": 0.9977011494252872,
        "Sensitivity (Macro)": 0.9809640522875817,
        "Top-1 Accuracy": 0.9813664596273292,
        "Top-3 Accuracy": 1.0,
        "Top-5 Accuracy": 1.0,
        "Inference Time (ms/img)": 58.20107080745417,
        "Total Samples": 161
    },
    "val": {
        "Accuracy": 0.99375,
        "Precision (Macro)": 0.9930555555555556,
        "Precision (Weighted)": 0.994140625,
        "Precision (Micro)": 0.99375,
        "Recall (Macro)": 0.991111111111111,
        "Recall (Weighted)": 0.99375,
        "Recall (Micro)": 0.99375,
        "F1-Score (Macro)": 0.9917861409796893,
        "F1-Score (Weighted)": 0.9937205981182796,
        "F1-Score (Micro)": 0.99375,
        "F2-Score (Macro)": 0.9913112727618505,
        "F2-Score (Weighted)": 0.993685146555413,
        "F0.5-Score (Macro)": 0.9924747857237308,
        "Matthews Corr. Coeff. (MCC)": 0.9929636796542224,
        "Cohen's Kappa": 0.9929197274095053,
        "Log Loss": 0.1317656568032977,
        "AUC-ROC (Macro OvR)": 0.9995094053726432,
        "AUC-ROC (Weighted OvR)": 0.9996263150204558,
        "Specificity (Macro)": 0.9992337164750958,
        "Sensitivity (Macro)": 0.991111111111111,
        "Top-1 Accuracy": 0.99375,
        "Top-3 Accuracy": 1.0,
        "Top-5 Accuracy": 1.0,
        "Inference Time (ms/img)": 55.56160781250021,
        "Total Samples": 320
    }
}